"Epic","Feature","Story","FAILED","BROKEN","PASSED","SKIPPED","UNKNOWN"
"libpcp","","","3","0","2873","167","0"
"local","","","60","0","24714","3092","0"
"indom","","","0","0","119","17","0"
"ostest","","","0","0","1275","34","0"
"kernel","","","0","0","2867","159","0"
"pmlogreduce","","","0","0","238","17","0"
"valgrind","","","11","0","2717","162","0"
"pmlogdump","","","4","0","4022","394","0"
"pmie","","","0","0","1513","102","0"
"pmval","","","0","0","1717","102","0"
"archive","","","1","0","2224","121","0"
"python","","","6","0","2992","436","0"
"derive","","","0","0","1530","119","0"
"pmlogctl","","","0","0","272","17","0"
"pmlogrewrite","","","4","0","1609","155","0"
"labels","","","1","0","679","68","0"
"pmlogger","","","1","0","1754","132","0"
"pmimport","","","0","0","449","78","0"
"logutil","","","1","0","968","17","0"
"pmlc","","","0","0","702","46","0"
"archive_v3","","","0","0","435","194","0"
"pidstat","","","0","0","153","0","0"
"pcp","","","1","0","937","65","0"
"pmda.opentelemetry","","","0","0","170","0","0"
"pmcd","","","4","0","1318","123","0"
"slabinfo","","","0","0","17","0","0"
"pminfo","","","0","0","747","69","0"
"pmda.pmcd","","","0","0","204","17","0"
"pmns","","","0","0","901","0","0"
"pmda.docker","","","0","0","17","0","0"
"helgrind","","","0","0","107","29","0"
"pmlock","","","0","0","97","5","0"
"pmlogcheck","","","0","0","340","34","0"
"other","","","9","0","540","131","0"
"pmpost","","","0","0","102","17","0"
"pdu","","","0","0","255","0","0"
"fault","","","0","0","204","51","0"
"pmda.trivial","","","0","0","119","0","0"
"pmda.proc","","","2","0","541","52","0"
"pmda.install","","","1","0","593","86","0"
"pmerr","","","0","0","51","0","0"
"collectl2pcp","","","0","0","68","0","0"
"sheet2pcp","","","0","0","110","60","0"
"perl","","","0","0","484","77","0"
"pmlogconf","","","0","0","267","39","0"
"libpcp_import","","","0","0","326","48","0"
"decompress-xz","","","0","0","221","0","0"
"pmlogmv","","","0","0","558","3","0"
"trace","","","0","0","221","0","0"
"pmda.trace","","","0","0","204","0","0"
"pmda.linux","","","0","0","918","85","0"
"pmda.pipe","","","0","0","34","0","0"
"pmda.bpftrace","","","0","0","36","185","0"
"fetch","","","0","0","170","0","0"
"sanity","","","0","0","1360","0","0"
"context","","","0","0","357","17","0"
"pmda.sample","","","10","0","1848","12","0"
"context_local","","","0","0","221","0","0"
"folio","","","2","0","404","2","0"
"pmprobe","","","0","0","442","0","0"
"pmstore","","","0","0","935","34","0"
"secure","","","0","0","194","44","0"
"pmdbg","","","0","0","136","0","0"
"pcp2xml","","","0","0","95","41","0"
"pcp2xxx","","","0","0","257","49","0"
"pmda.zfs","","","0","0","71","31","0"
"pmrep","","","0","0","701","64","0"
"pmda.mmv","","","0","0","306","0","0"
"pmda.lio","","","0","0","3","14","0"
"dbpmda","","","0","0","683","48","0"
"pmda.statsd","","","0","0","45","210","0"
"pmproxy","","","15","0","687","267","0"
"pmlogpush","","","8","0","106","22","0"
"libpcp_web","","","8","0","329","139","0"
"pmseries","","","0","0","141","182","0"
"pmlogsummary","","","0","0","272","17","0"
"#1132476","","","0","0","17","0","0"
"pmda","","","0","0","527","0","0"
"event","","","0","0","391","0","0"
"pmview","","","0","0","0","34","0"
"threads","","","0","0","357","34","0"
"flakey","","","0","0","136","0","0"
"pmclient","","","0","0","221","0","0"
"pmda.xfs","","","1","0","87","14","0"
"pmlogger_daily","","","0","0","493","0","0"
"pmlogger_check","","","1","0","220","0","0"
"pmda.rabbitmq","","","0","0","0","17","0"
"atop","","","0","0","180","24","0"
"atopsar","","","0","0","60","25","0"
"help","","","5","0","486","2","0"
"multi-archive","","","0","0","559","19","0"
"pmlogextract","","","0","0","1428","102","0"
"pmconfig","","","0","0","123","30","0"
"pmda.valkey","","","0","0","30","4","0"
"#535080","","","0","0","17","0","0"
"pmloglabel","","","0","0","68","17","0"
"pmda.simple","","","1","0","270","1","0"
"pmlogpaste","","","0","0","17","0","0"
"pmda.smart","","","0","0","17","0","0"
"pmieconf","","","0","0","187","0","0"
"pmda.rocestat","","","0","0","0","17","0"
"pmda.slurm","","","0","0","17","0","0"
"mem_leak","","","0","0","255","0","0"
"pmda.systemd","","","0","0","17","0","0"
"pmda.named","","","0","0","17","17","0"
"timezone","","","0","0","306","0","0"
"pmcpp","","","0","0","170","0","0"
"dstat","","","0","0","119","0","0"
"pmda.elasticsearch","","","0","0","17","34","0"
"pmda.kvm","","","0","0","34","0","0"
"pmdumptext","","","0","0","204","68","0"
"slow","","","0","0","17","0","0"
"pmda.netcheck","","","0","0","8","26","0"
"#779495","","","0","0","17","0","0"
"rocestat","","","0","0","17","0","0"
"pcp2xlsx","","","0","0","9","42","0"
"pmda.hotproc","","","0","0","34","0","0"
"pcp2zabbix","","","0","0","17","34","0"
"v3_archive","","","0","0","34","17","0"
"pmstat","","","0","0","170","0","0"
"#939275","","","0","0","17","0","0"
"pmda.zimbra","","","0","0","0","17","0"
"pmda.libvirt","","","0","0","17","0","0"
"getopt","","","0","0","102","0","0"
"pmda.resctrl","","","0","0","15","2","0"
"#870661","","","0","0","17","0","0"
"suse","","","0","0","136","0","0"
"pmcd.pdu","","","0","0","136","0","0"
"pmiectl","","","0","0","102","0","0"
"free","","","0","0","51","0","0"
"iostat","","","0","0","187","17","0"
"uptime","","","0","0","34","0","0"
"openvswitch","","","0","0","0","17","0"
"pmfind","","","0","0","74","82","0"
"avahi","","","0","0","15","36","0"
"pmjson","","","3","0","240","80","0"
"pmda.rsyslog","","","0","0","17","0","0"
"zsh","","","0","0","0","17","0"
"pcp2elasticsearch","","","0","0","17","34","0"
"pcp2influxdb","","","0","0","17","34","0"
"pcp2graphite","","","0","0","17","34","0"
"pcp2json","","","0","0","44","41","0"
"pmda.ohead","","","0","0","34","0","0"
"pmda.apache","","","0","0","17","0","0"
"buddyinfo","","","0","0","17","0","0"
"tapestat","","","0","0","17","0","0"
"ganglia2pcp","","","0","0","34","0","0"
"pmdiff","","","0","0","34","0","0"
"pmda.unbound","","","0","0","17","17","0"
"zbxpcp","","","0","0","6","11","0"
"cgroups","","","0","0","51","17","0"
"pmda.pmproxy","","","0","0","17","0","0"
"pmlogcompress","","","0","0","34","0","0"
"pmcd_wait","","","0","0","50","1","0"
"pmlogredact","","","0","0","34","0","0"
"#564017","","","0","0","17","0","0"
"pmda.ds389","","","0","0","0","34","0"
"pmlogsize","","","0","0","119","17","0"
"zoneinfo","","","0","0","17","0","0"
"meminfo","","","0","0","17","0","0"
"pmda.nutcracker","","","0","0","0","17","0"
"sar2pcp","","","0","0","34","17","0"
"#466346","","","0","0","17","0","0"
"patch2140","","","0","0","17","0","0"
"patch2141","","","0","0","17","0","0"
"pmieutil","","","0","0","85","0","0"
"man","","","0","0","52","16","0"
"pmda.redis","","","0","0","12","22","0"
"pmda.bpf","","","2","0","144","109","0"
"pmda.bind2","","","0","0","33","1","0"
"pmda.summary","","","0","0","34","0","0"
"pmda.mysql","","","0","0","17","0","0"
"pmda.openmetrics","","","0","0","221","0","0"
"#505498","","","0","0","17","0","0"
"pmda.root","","","0","0","51","34","0"
"pcp2openmetrics","","","0","0","34","0","0"
"pcp2opentelemetry","","","0","0","34","0","0"
"pmda.nvidia","","","0","0","34","0","0"
"#500237","","","0","0","17","0","0"
"pmda.zswap","","","0","0","17","17","0"
"wrap","","","0","0","51","0","0"
"iostat2pcp","","","0","0","50","1","0"
"#591459","","","0","0","17","0","0"
"#935490","","","0","0","34","0","0"
"pmda.sockets","","","0","0","68","0","0"
"#893249","","","0","0","17","0","0"
"pmda.nfsclient","","","0","0","34","0","0"
"pmda.sendmail","","","0","0","34","0","0"
"pmda.mssql","","","0","0","0","17","0"
"containers","","","0","0","68","102","0"
"pmda.weblog","","","0","0","6","11","0"
"not_in_container","","","0","0","0","3","0"
"#933456","","","0","0","17","0","0"
"libpcp_mmv","","","0","0","68","0","0"
"interop","","","0","0","34","0","0"
"#598265","","","0","0","17","0","0"
"#779246","","","0","0","17","0","0"
"#782029","","","0","0","17","0","0"
"pmda.podman","","","0","0","0","34","0"
"ipcs","","","0","0","17","0","0"
"pmda.news","","","0","0","34","0","0"
"pmlogger_daily_report","","","0","0","51","0","0"
"#696008","","","0","0","17","0","0"
"pmda.oracle","","","0","0","0","17","0"
"compat","","","0","0","34","0","0"
"ps","","","0","0","34","0","0"
"pmlogcp","","","0","0","17","17","0"
"pmdate","","","0","0","17","0","0"
"#666344","","","0","0","17","0","0"
"dkvis","","","0","0","0","17","0"
"mpvis","","","0","0","0","17","0"
"pmda.postgresql","","","0","0","17","34","0"
"pmda.haproxy","","","0","0","17","0","0"
"bash","","","0","0","0","17","0"
"pmda.gluster","","","0","0","17","0","0"
"pmda.netfilter","","","0","0","34","0","0"
"pmda.mic","","","0","0","17","0","0"
"pmcheck","","","0","0","34","0","0"
"#679693","","","0","0","17","0","0"
"pmda.uwsgi","","","0","0","17","0","0"
"pmda.txmon","","","0","0","17","0","0"
"pmda.dm","","","1","0","50","17","0"
"#621699","","","0","0","17","0","0"
"pmda.logger","","","0","0","51","0","0"
"vllmbench2pcp","","","0","0","17","0","0"
"pmda.infiniband","","","15","0","0","2","0"
"pmda.perfevent","","","0","0","51","0","0"
"pmda.amdgpu","","","0","0","17","0","0"
"pmda.cisco","","","0","0","68","17","0"
"pmda.nginx","","","0","0","17","0","0"
"geolocate","","","1","0","16","0","0"
"#504616","","","0","0","17","0","0"
"#573184","","","0","0","17","0","0"
"#627395","","","0","0","17","0","0"
"pmda.gfs2","","","0","0","17","0","0"
"nfsiostat","","","0","0","17","0","0"
"pmie_util","","","0","0","17","0","0"
"pmda.cifs","","","0","0","17","0","0"
"mpstat","","","0","0","17","0","0"
"pmda.lmsensors","","","0","0","0","17","0"
"#541380","","","0","0","17","0","0"
"#625913","","","0","0","34","0","0"
"verify","","","0","0","23","11","0"
"htop","","","0","0","15","2","0"
"pmsearch","","","0","0","4","13","0"
"pmda.jbd2","","","0","0","17","0","0"
"pmda.mounts","","","0","0","17","0","0"
"#421411","","","0","0","17","0","0"
"pmda.hdb","","","0","0","0","17","0"
"#584487","","","0","0","17","0","0"
"pmda.postfix","","","0","0","14","3","0"
"pmda.mailq","","","0","0","17","0","0"
"pmda.shping","","","0","0","18","16","0"
"guidellm2pcp","","","0","0","17","0","0"
"#589006","","","0","0","17","0","0"
"#581025","","","0","0","17","0","0"
"pmda.mongodb","","","0","0","0","17","0"
"pmda.memcache","","","0","0","11","6","0"
"pmgadgets","","","0","0","17","0","0"
"pmlogger_janitor","","","0","0","17","0","0"
"pcp2arrow","","","4","0","0","13","0"
"pcp2spark","","","0","0","17","0","0"
"pmda.gpfs","","","0","0","17","0","0"
"#877570","","","1","0","16","0","0"
"#553276","","","0","0","17","0","0"
"#568199","","","0","0","17","0","0"
"pmda.denki","","","0","0","34","0","0"
"#626853","","","0","0","17","0","0"
"pmda.hacluster","","","0","0","17","0","0"
"pmda.activemq","","","0","0","0","17","0"
"pmlogbasename","","","0","0","17","0","0"
"#508731","","","0","0","17","0","0"
"#509091","","","0","0","17","0","0"
"pmda.farm","","","0","0","17","0","0"
"netstat","","","0","0","17","0","0"
"find-filter","","","0","0","34","0","0"
"pmda.lustre","","","0","0","17","0","0"
"#936084","","","0","0","0","17","0"
"#754795","","","0","0","17","0","0"
"pmda.bash","","","0","0","17","0","0"
"#934332","","","0","0","17","0","0"
"pmsocks","","","0","0","0","17","0"
